{
	"name": "Main SM Workflow - (Path 4)",
	"description": "",
	"definition": {
		"start": "Ownership Reassignment Form",
		"steps": {
			"Entitlements Check": {
				"choiceList": [
					{
						"comparator": "BooleanEquals",
						"nextStep": "Execute Entitlements Sub Workflow",
						"variableA.$": "$.ownershipReasignmentForm.formData.entitlements",
						"variableB": true
					}
				],
				"defaultStep": "Access Profile Check",
				"description": "Entitlements Toggle",
				"type": "choice"
			},
			"Access Profile Check": {
				"choiceList": [
					{
						"comparator": "BooleanEquals",
						"nextStep": "Execute Access Profiles Sub Workflow",
						"variableA.$": "$.ownershipReasignmentForm.formData.accessProfiles",
						"variableB": true
					}
				],
				"defaultStep": "Roles Check",
				"description": "Access Profiles Toggle",
				"type": "choice"
			},
			"Roles Check": {
				"choiceList": [
					{
						"comparator": "BooleanEquals",
						"nextStep": "Execute Roles Sub Workflow",
						"variableA.$": "$.ownershipReasignmentForm.formData.roles",
						"variableB": true
					}
				],
				"defaultStep": "Sources Check",
				"description": "Roles Toggle",
				"type": "choice"
			},
			"Sources Check": {
				"choiceList": [
					{
						"comparator": "BooleanEquals",
						"nextStep": "Execute Sources Sub Workflow",
						"variableA.$": "$.ownershipReasignmentForm.formData.sources",
						"variableB": true
					}
				],
				"defaultStep": "Certifications Check",
				"description": "Sources Toggle",
				"type": "choice"
			},
			"Certifications Check": {
				"choiceList": [
					{
						"comparator": "BooleanEquals",
						"nextStep": "Execute Certifications Sub Workflow",
						"variableA.$": "$.ownershipReasignmentForm.formData.certifications",
						"variableB": true
					}
				],
				"defaultStep": "Access Requests Check",
				"description": "Certifications Toggle",
				"type": "choice"
			},
			"Access Requests Check": {
				"choiceList": [
					{
						"comparator": "BooleanEquals",
						"nextStep": "Execute Access Requests Sub Workflow",
						"variableA.$": "$.ownershipReasignmentForm.formData.accessRequests",
						"variableB": true
					}
				],
				"defaultStep": "End Step — Success",
				"description": "Access Requests Toggle",
				"type": "choice"
			},
			"Work Reassignment Check": {
				"choiceList": [
					{
						"comparator": "BooleanEquals",
						"nextStep": "Sets Access Request Work Reassignment",
						"variableA.$": "$.ownershipReasignmentForm.formData.workReAssignment",
						"variableB": true
					}
				],
				"defaultStep": "Entitlements Check",
				"description": "Work Reassignment Toggle",
				"type": "choice"
			},
			"End Step — Success": {
				"type": "success"
			},
			"Ownership Reassignment Form": {
				"actionId": "sp:forms",
				"attributes": {
					"deadline": "3d",
					"formDefinitionId": "d6999833-5cec-481e-beee-15c65d49769d",
					"notificationBody": "Reassignment Request",
					"notificationSubject": "Reassignment Request",
					"recipient": "",
					"reminder": "1d",
					"reminderBody": "Reassignment Request"
				},
				"description": "Reassignment Submission Form",
				"nextStep": "Get Source Identity Details",
				"type": "action",
				"versionNumber": 1
			},
			"Get Source Identity Details": {
				"actionId": "sp:get-identity",
				"attributes": {
					"id.$": "$.ownershipReasignmentForm.formData.sourceIdentitySelection"
				},
				"description": "Get info for Source Identity",
				"nextStep": "Get Target Identity Details",
				"type": "action",
				"versionNumber": 2
			},
			"Get Target Identity Details": {
				"actionId": "sp:get-identity",
				"attributes": {
					"id.$": "$.ownershipReasignmentForm.formData.targetIdentitySelection"
				},
				"description": "Get info for Target Identity",
				"nextStep": "Find Source Identity Manager",
				"type": "action",
				"versionNumber": 2
			},
			"Get Source Identities Manager Details": {
				"actionId": "sp:get-identity",
				"attributes": {
					"id.$": "$.hTTPRequest12.body[*].id"
				},
				"description": "Gets the Source Identities Manager Info",
				"nextStep": "Work Reassignment Check",
				"type": "action",
				"versionNumber": 2
			},
			"Execute Entitlements Sub Workflow": {
				"actionId": "sp:http",
				"attributes": {
					"authenticationType": "OAuth",
					"jsonRequestBody": {
						"input": {
							"mgrEmail": "{{$.getSourcetIdentitiesManagerDetails.attributes.email}}",
							"mgrFName": "{{$.getSourcetIdentitiesManagerDetails.attributes.firstname}}",
							"sourceIdentity": "{{$.ownershipReasignmentForm.formData.sourceIdentitySelection}}",
							"sourceName": "{{$.getSourceIdentityDetails.attributes.displayName}}",
							"targetIdentity": "{{$.ownershipReasignmentForm.formData.targetIdentitySelection}}",
							"targetName": "{{$.getTargetIdentityDetails.attributes.displayName}}"
						}
					},
					"method": "post",
					"oAuthClientId": "b4d38c1d-41c3-4543-93b5-a70ea89c6c66",
					"oAuthClientSecret": "",
					"oAuthTokenUrl": "<yourtenanturl>/oath/token",
					"requestContentType": "json",
					"requestHeaders": {
						"Accept": "application/json",
						"Content-Type": "application/json"
					},
					"url": "<yourtenanturl>/beta/workflows/execute/external/4ea60cbc-4c23-47a5-9b2a-156dd7991588"
				},
				"description": "Triggers Entitlements Sub Workflow",
				"nextStep": "Access Profile Check",
				"type": "action",
				"versionNumber": 2
			},
			"Execute Access Requests Sub Workflow": {
				"actionId": "sp:http",
				"attributes": {
					"authenticationType": "OAuth",
					"jsonRequestBody": {
						"input": {
							"mgrEmail": "{{$.getSourcetIdentitiesManagerDetails.attributes.email}}",
							"mgrFName": "{{$.getSourcetIdentitiesManagerDetails.attributes.firstname}}",
							"sourceIdentity": "{{$.ownershipReasignmentForm.formData.sourceIdentitySelection}}",
							"sourceName": "{{$.getSourceIdentityDetails.attributes.displayName}}",
							"targetIdentity": "{{$.ownershipReasignmentForm.formData.targetIdentitySelection}}",
							"targetName": "{{$.getTargetIdentityDetails.attributes.displayName}}"
						}
					},
					"method": "post",
					"oAuthClientId": "5fe72023-3dff-4aed-b460-a380bd07f387",
					"oAuthClientSecret": "$.secrets.a62229f0-fa31-42e6-9f40-901e23f3a84e",
					"oAuthTokenUrl": "<yourtenanturl>/oath/token",
					"requestContentType": "json",
					"requestHeaders": {
						"Accept": "application/json",
						"Content-Type": "application/json"
					},
					"url": "<yourtenanturl>/beta/workflows/execute/external/3c1207de-fa53-4760-a7bb-87f7f70977a2"
				},
				"description": "Triggers Access Requests Sub Workflow",
				"nextStep": "End Step — Success",
				"type": "action",
				"versionNumber": 2
			},
			"Find Source Identity Manager": {
				"actionId": "sp:http",
				"attributes": {
					"authenticationType": "OAuth",
					"method": "get",
					"oAuthClientId": "",
					"oAuthClientSecret": "",
					"oAuthCredentialLocation": "oAuthInHeader",
					"oAuthTokenUrl": "<yourtenanturl>/oath/token",
					"requestContentType": "json",
					"requestHeaders": {
						"Accept": "application/json"
					},
					"url": "<yourtenanturl>/beta/identities/{{$.getSourceIdentityDetails.id}}"
				},
				"description": "Get Source Identity Manager",
				"nextStep": "Get Source Identities Manager Details",
				"type": "action",
				"versionNumber": 2
			},
			"Sets Access Request Work Reassignment": {
				"actionId": "sp:http",
				"attributes": {
					"authenticationType": "OAuth",
					"jsonRequestBody": {
						"configType": "ACCESS_REQUESTS",
						"endDate": null,
						"reassignedFromId": "{{$.ownershipReasignmentForm.formData.sourceIdentitySelection}}",
						"reassignedToId": "{{$.ownershipReasignmentForm.formData.targetIdentitySelection}}",
						"startDate": "2022-07-21T11:13:12.345Z"
					},
					"method": "post",
					"oAuthClientId": "",
					"oAuthClientSecret": "",
					"oAuthCredentialLocation": "oAuthInHeader",
					"oAuthTokenUrl": "<yourtenanturl>/oath/token",
					"requestContentType": "json",
					"requestHeaders": {
						"Accept": "application/json",
						"Content-Type": "application/json"
					},
					"url": "<yourtenanturl>/beta/reassignment-configurations"
				},
				"description": "Work Reassignment - Access Requests",
				"nextStep": "Sets Certification Work Reassignment",
				"type": "action",
				"versionNumber": 2
			},
			"Sets Certification Work Reassignment": {
				"actionId": "sp:http",
				"attributes": {
					"authenticationType": "OAuth",
					"jsonRequestBody": {
						"configType": "CERTIFICATIONS",
						"endDate": null,
						"reassignedFromId": "{{$.ownershipReasignmentForm.formData.sourceIdentitySelection}}",
						"reassignedToId": "{{$.ownershipReasignmentForm.formData.targetIdentitySelection}}",
						"startDate": "2022-07-21T11:13:12.345Z"
					},
					"method": "post",
					"oAuthClientId": "",
					"oAuthClientSecret": "",
					"oAuthCredentialLocation": "oAuthInHeader",
					"oAuthTokenUrl": "<yourtenanturl>/oath/token",
					"requestContentType": "json",
					"requestHeaders": {
						"Accept": "application/json",
						"Content-Type": "application/json"
					},
					"url": "<yourtenanturl>/beta/reassignment-configurations"
				},
				"description": "Work Reassignment - Certifications",
				"nextStep": "Sets Manual Tasks Work Reassignment",
				"type": "action",
				"versionNumber": 2
			},
			"Sets Manual Tasks Work Reassignment": {
				"actionId": "sp:http",
				"attributes": {
					"authenticationType": "OAuth",
					"jsonRequestBody": {
						"configType": "MANUAL_TASKS",
						"endDate": null,
						"reassignedFromId": "{{$.ownershipReasignmentForm.formData.sourceIdentitySelection}}",
						"reassignedToId": "{{$.ownershipReasignmentForm.formData.targetIdentitySelection}}",
						"startDate": "2022-07-21T11:13:12.345Z"
					},
					"method": "post",
					"oAuthClientId": "",
					"oAuthClientSecret": "",
					"oAuthCredentialLocation": "oAuthInHeader",
					"oAuthTokenUrl": "<yourtenanturl>/oath/token",
					"requestContentType": "json",
					"requestHeaders": {
						"Accept": "application/json",
						"Content-Type": "application/json"
					},
					"url": "<yourtenanturl>/beta/reassignment-configurations"
				},
				"description": "Work Reassignment - Manual Tasks",
				"nextStep": "Creates SN Ticket (Work Reassignment)",
				"type": "action",
				"versionNumber": 2
			},
			"Creates SN Ticket (Work Reassignment)": {
				"actionId": "sp:http",
				"attributes": {
					"authenticationType": "basic",
					"basicAuthPassword": "",
					"basicAuthUserName": "",
					"jsonRequestBody": {
						"assigned_to": "",
						"caller_id": "",
						"description": "Work Reassignment Set",
						"impact": "3",
						"priority": "3",
						"short_description": "Work reassignment from {{$.getSourceIdentityDetails.attributes.displayName}} to {{$.getTargetIdentityDetails.attributes.displayName}} has been completed.",
						"urgency": "3"
					},
					"method": "post",
					"requestContentType": "json",
					"url": "<SNURL>/api/now/table/incident"
				},
				"description": "Create ServiceNow Ticket - Work Reassignment Set",
				"nextStep": "Send Mgr Email (Work Reassignment)",
				"type": "action",
				"versionNumber": 2
			},
			"Execute Access Profiles Sub Workflow": {
				"actionId": "sp:http",
				"attributes": {
					"authenticationType": "OAuth",
					"jsonRequestBody": {
						"input": {
							"mgrEmail": "{{$.getSourcetIdentitiesManagerDetails.attributes.email}}",
							"mgrFName": "{{$.getSourcetIdentitiesManagerDetails.attributes.firstname}}",
							"sourceIdentity": "{{$.ownershipReasignmentForm.formData.sourceIdentitySelection}}",
							"sourceName": "{{$.getSourceIdentityDetails.attributes.displayName}}",
							"targetIdentity": "{{$.ownershipReasignmentForm.formData.targetIdentitySelection}}",
							"targetName": "{{$.getTargetIdentityDetails.attributes.displayName}}"
						}
					},
					"method": "post",
					"oAuthClientId": "",
					"oAuthClientSecret": "",
					"oAuthTokenUrl": "<yourtenanturl>/oath/token",
					"requestContentType": "json",
					"requestHeaders": {
						"Accept": "application/json",
						"Content-Type": "application/json"
					},
					"url": "<yourtenanturl>/beta/workflows/execute/external/54613b24-3e8c-406f-85d2-dd991b8ff5ba"
				},
				"description": "Triggers Access Profiles Sub Workflow",
				"nextStep": "Roles Check",
				"type": "action",
				"versionNumber": 2
			},
			"Execute Roles Sub Workflow": {
				"actionId": "sp:http",
				"attributes": {
					"authenticationType": "OAuth",
					"jsonRequestBody": {
						"input": {
							"mgrEmail": "{{$.getSourcetIdentitiesManagerDetails.attributes.email}}",
							"mgrFName": "{{$.getSourcetIdentitiesManagerDetails.attributes.firstname}}",
							"sourceIdentity": "{{$.ownershipReasignmentForm.formData.sourceIdentitySelection}}",
							"sourceName": "{{$.getSourceIdentityDetails.attributes.displayName}}",
							"targetIdentity": "{{$.ownershipReasignmentForm.formData.targetIdentitySelection}}",
							"targetName": "{{$.getTargetIdentityDetails.attributes.displayName}}"
						}
					},
					"method": "post",
					"oAuthClientId": "",
					"oAuthClientSecret": "",
					"oAuthTokenUrl": "<yourtenanturl>/oath/token",
					"requestContentType": "json",
					"requestHeaders": {
						"Accept": "application/json",
						"Content-Type": "application/json"
					},
					"url": "<yourtenanturl>/beta/workflows/execute/external/<Workflow ID>"
				},
				"description": "Triggers Roles Sub Workflow",
				"nextStep": "Sources Check",
				"type": "action",
				"versionNumber": 2
			},
			"Execute Sources Sub Workflow": {
				"actionId": "sp:http",
				"attributes": {
					"authenticationType": "OAuth",
					"jsonRequestBody": {
						"input": {
							"mgrEmail": "{{$.getSourcetIdentitiesManagerDetails.attributes.email}}",
							"mgrFName": "{{$.getSourcetIdentitiesManagerDetails.attributes.firstname}}",
							"sourceIdentity": "{{$.ownershipReasignmentForm.formData.sourceIdentitySelection}}",
							"sourceName": "{{$.getSourceIdentityDetails.attributes.displayName}}",
							"targetIdentity": "{{$.ownershipReasignmentForm.formData.targetIdentitySelection}}",
							"targetName": "{{$.getTargetIdentityDetails.attributes.displayName}}"
						}
					},
					"method": "post",
					"oAuthClientId": "",
					"oAuthClientSecret": "",
					"oAuthCredentialLocation": "oAuthInHeader",
					"oAuthTokenUrl": "<yourtenanturl>/oath/token",
					"requestContentType": "json",
					"requestHeaders": {
						"Accept": "application/json",
						"Content-Type": "application/json"
					},
					"url": "<yourtenanturl>/beta/workflows/execute/external/<WorkflowID>"
				},
				"description": "Triggers Sources Sub Workflow",
				"nextStep": "Certifications Check",
				"type": "action",
				"versionNumber": 2
			},
			"Execute Certifications Sub Workflow": {
				"actionId": "sp:http",
				"attributes": {
					"authenticationType": "OAuth",
					"jsonRequestBody": {
						"input": {
							"mgrEmail": "{{$.getSourcetIdentitiesManagerDetails.attributes.email}}",
							"mgrFName": "{{$.getSourcetIdentitiesManagerDetails.attributes.firstname}}",
							"sourceIdentity": "{{$.ownershipReasignmentForm.formData.sourceIdentitySelection}}",
							"sourceName": "{{$.getSourceIdentityDetails.attributes.displayName}}",
							"targetIdentity": "{{$.ownershipReasignmentForm.formData.targetIdentitySelection}}",
							"targetName": "{{$.getTargetIdentityDetails.attributes.displayName}}"
						}
					},
					"method": "post",
					"oAuthClientId": "",
					"oAuthClientSecret": "",
					"oAuthCredentialLocation": "oAuthInHeader",
					"oAuthTokenUrl": "<yourtenanturl>/oath/token",
					"requestContentType": "json",
					"requestHeaders": {
						"Accept": "application/json",
						"Content-Type": "application/json"
					},
					"url": "<yourtenanturl>/beta/workflows/execute/external/<Workflow ID>"
				},
				"description": "Triggers Certifications Sub Workflow",
				"nextStep": "Access Requests Check",
				"type": "action",
				"versionNumber": 2
			},
			"Send Mgr Email (Work Reassignment)": {
				"actionId": "sp:send-email",
				"attributes": {
					"body": "Hi ${mgrName},\n\nWork Reassignment has been set from ${sourceName} to ${targetName}.  Starting now Access Requests, Certifications, and Manual Tasks will be sent to ${targetName}.  If this is not intended, please reach out to your SailPoint Administrator.  Thank you!",
					"context": {
						"mgrName.$": "$.getSourcetIdentitiesManagerDetails.attributes.firstname",
						"sourceName.$": "$.getSourceIdentityDetails.attributes.displayName",
						"targetName.$": "$.getTargetIdentityDetails.attributes.displayName"
					},
					"from": "",
					"recipientEmailList.$": "$.getSourcetIdentitiesManagerDetails.attributes.email",
					"replyTo": "",
					"subject": "Work Reassignment Set"
				},
				"description": "Manager Email - Work Reassignment Set",
				"nextStep": "Entitlements Check",
				"type": "action",
				"versionNumber": 2
			}
		}
	},
	"trigger": {
		"type": "EXTERNAL",
		"attributes": {
			"description": "Generic Trigger",
			"url": "<yourtenanturl>undefined"
		}
	}
}