{
	"name": "Sub SM Workflow - (Sources Path 4)",
	"description": "",
	"definition": {
		"start": "Gets Sources",
		"steps": {
			"End Step — Success": {
				"type": "success"
			},
			"Gets Sources": {
				"actionId": "sp:http",
				"attributes": {
					"authenticationType": "OAuth",
					"method": "get",
					"oAuthClientId": "",
					"oAuthClientSecret": "",
					"oAuthCredentialLocation": "oAuthInHeader",
					"oAuthTokenUrl": "<your_tenant_api_url>/oauth/token",
					"requestContentType": "json",
					"requestHeaders": {
						"Accept": "application/json"
					},
					"url": "<your_tenant_api_url>/v3/sources",
					"urlParams": {
						"filters": "owner.id eq \"{{$.trigger.input.sourceIdentity}}\""
					}
				},
				"description": "Get Sources Owned by Source Identity",
				"nextStep": "Loop",
				"type": "action",
				"versionNumber": 2
			},
			"ServiceNow Ticket": {
				"actionId": "sp:http",
				"attributes": {
					"authenticationType": "basic",
					"basicAuthPassword": "",
					"basicAuthUserName": "",
					"jsonRequestBody": {
						"assigned_to": "",
						"caller_id": "",
						"description": "Entitlement Ownership Reassignment Set",
						"impact": "3",
						"priority": "3",
						"short_description": "Sources owned by {{$.trigger.input.sourceName}} have had their ownership changed to {{$.trigger.input.targetName}}.",
						"urgency": "3"
					},
					"method": "post",
					"requestContentType": "json",
					"url": "<your_SN_URL>/api/now/table/incident"
				},
				"description": "ServiceNow Ticket",
				"nextStep": "Send Email",
				"type": "action",
				"versionNumber": 2
			},
			"Loop": {
				"actionId": "sp:loop:iterator",
				"attributes": {
					"context.$": "$.trigger.input.targetIdentity",
					"input.$": "$.getsSources.body[*].id",
					"start": "Ownership Reassignment",
					"steps": {
						"End Step — Success 1": {
							"type": "success"
						},
						"Ownership Reassignment": {
							"actionId": "sp:http",
							"attributes": {
								"authenticationType": "OAuth",
								"jsonPatchRequestBody": [
									{
										"op": "replace",
										"path": "/owner",
										"value": {
											"id": "{{$.loop.context}}",
											"type": "IDENTITY"
										}
									}
								],
								"method": "patch",
								"oAuthClientId": "",
								"oAuthClientSecret": "",
								"oAuthCredentialLocation": "oAuthInHeader",
								"oAuthTokenUrl": "<your_tenant_api_url>/oauth/token",
								"requestContentType": "json-patch+json",
								"requestHeaders": {
									"Accept": "application/json",
									"Content-Type": "application/json-patch+json"
								},
								"url": "<your_tenant_api_url>/v3/sources/{{$.loop.loopInput}}"
							},
							"description": "Reassign Sources to Target Identity",
							"nextStep": "End Step — Success 1",
							"type": "action",
							"versionNumber": 2
						}
					}
				},
				"description": "Loop to reassign Source Ownership",
				"nextStep": "Wait",
				"type": "action",
				"versionNumber": 1
			},
			"Send Email": {
				"actionId": "sp:send-email",
				"attributes": {
					"body": "Hi ${mgrName},\n\nSources owned by ${sourceName} have been transitioned to ${targetName}.  If this is not intended, please reach out to your SailPoint Administrator.  Thank you!",
					"context": {
						"mgrName.$": "$.trigger.input.mgrFName",
						"sourceName.$": "$.trigger.input.sourceName",
						"targetName.$": "$.trigger.input.targetName"
					},
					"from": "",
					"recipientEmailList.$": "$.trigger.input.mgrEmail",
					"replyTo": "",
					"subject": "Source Ownership Reassignment"
				},
				"description": "Manager Email",
				"nextStep": "End Step — Success",
				"type": "action",
				"versionNumber": 2
			},
			"Wait": {
				"actionId": "sp:sleep",
				"attributes": {
					"duration": "1m",
					"type": "waitFor"
				},
				"description": "Wait in place to allow for loop to complete before additional tasks run",
				"nextStep": "ServiceNow Ticket",
				"type": "action",
				"versionNumber": 1
			}
		}
	},
	"trigger": {
		"type": "EXTERNAL",
		"attributes": {
			"clientId": "",
			"description": "Triggered by main workflow",
			"url": ""
		}
	}
}