{
	"name": "Sub SM Workflow - (Certifications Path 4)",
	"description": "",
	"definition": {
		"start": "Get Campaigns",
		"steps": {
			"End Step — Success": {
				"type": "success"
			},
			"Get Certifications": {
				"actionId": "sp:http",
				"attributes": {
					"authenticationType": "OAuth",
					"jsonRequestBody.$": "",
					"method": "get",
					"oAuthClientId": "",
					"oAuthClientSecret": "",
					"oAuthCredentialLocation": "oAuthInHeader",
					"oAuthTokenUrl": "<your_tenant_api_url>/oauth/token",
					"requestContentType": "json",
					"url": "<your_tenant_api_url>/v3/certifications/{{$.hTTPRequest3.body[*].id}}/access-review-items",
					"urlParams": null
				},
				"description": "Get Certification Items",
				"nextStep": "Loop",
				"type": "action",
				"versionNumber": 2
			},
			"Get Campaigns": {
				"actionId": "sp:http",
				"attributes": {
					"authenticationType": "OAuth",
					"method": "get",
					"oAuthClientId": "",
					"oAuthClientSecret": "",
					"oAuthTokenUrl": "<your_tenant_api_url>/oauth/token",
					"requestContentType": "json",
					"url": "<your_tenant_api_url>/v3/certifications",
					"urlParams": {
						"filters": "completed eq false",
						"reviewer-identity": "{{$.trigger.input.sourceIdentity}}"
					}
				},
				"description": "Get Identity Certifications (Identity Campaign Certifications by ID's)",
				"nextStep": "Get Certifications",
				"type": "action",
				"versionNumber": 2
			},
			"ServiceNow Ticket": {
				"actionId": "sp:http",
				"attributes": {
					"authenticationType": "basic",
					"basicAuthPassword": "",
					"basicAuthUserName": "",
					"jsonRequestBody": {
						"assigned_to": "",
						"caller_id": "",
						"description": "Entitlement Ownership Reassignment Set",
						"impact": "3",
						"priority": "3",
						"short_description": "Certifications owned by {{$.trigger.input.sourceName}} have had their ownership changed to {{$.trigger.input.targetName}}.",
						"urgency": "3"
					},
					"method": "post",
					"requestContentType": "json",
					"url": "<your_SN_URL>/api/now/table/incident"
				},
				"description": "Creates ServiceNow Ticket",
				"nextStep": "Send Email",
				"type": "action",
				"versionNumber": 2
			},
			"Loop": {
				"actionId": "sp:loop:iterator",
				"attributes": {
					"context.$": "$",
					"input.$": "$.getCertifications.body[*].id",
					"start": "Ownership Reassignment",
					"steps": {
						"End Step — Success 1": {
							"type": "success"
						},
						"Ownership Reassignment": {
							"actionId": "sp:http",
							"attributes": {
								"authenticationType": "OAuth",
								"jsonRequestBody": {
									"reason": "reassigned for some reason",
									"reassign": [
										{
											"id": "{{$.loop.loopInput}}",
											"type": "ITEM"
										}
									],
									"reassignTo": "{{$.loop.context.trigger.input.targetIdentity}}"
								},
								"method": "post",
								"oAuthClientId": "",
								"oAuthClientSecret": "",
								"oAuthCredentialLocation": "oAuthInHeader",
								"oAuthTokenUrl": "<your_tenant_api_url>/oauth/token",
								"requestContentType": "json",
								"url": "<your_tenant_api_url>/v3/certifications/{{$.loop.context.hTTPRequest3.body[*].id}}/reassign",
								"urlParams": null
							},
							"description": "Re-Assign Certification Items",
							"nextStep": "End Step — Success 1",
							"type": "action",
							"versionNumber": 2
						}
					}
				},
				"description": "Loop to reassign ownership of certifications",
				"nextStep": "Wait",
				"type": "action",
				"versionNumber": 1
			},
			"Send Email": {
				"actionId": "sp:send-email",
				"attributes": {
					"body": "Hi ${mgrName},\n\nCertifications owned by ${sourceName} have been transitioned to ${targetName}.  If this is not intended, please reach out to your SailPoint Administrator.  Thank you!",
					"context": {
						"mgrName.$": "$.trigger.input.mgrFName",
						"sourceName.$": "$.trigger.input.sourceName",
						"targetName.$": "$.trigger.input.targetName"
					},
					"from": "",
					"recipientEmailList.$": "$.trigger.input.mgrEmail",
					"replyTo": "",
					"subject": "Certification Ownership Reassignment"
				},
				"description": "Sends Manager Email",
				"nextStep": "End Step — Success",
				"type": "action",
				"versionNumber": 2
			},
			"Wait": {
				"actionId": "sp:sleep",
				"attributes": {
					"duration": "1m",
					"type": "waitFor"
				},
				"description": "Wait in place to allow for loop to complete before additional tasks run",
				"nextStep": "ServiceNow Ticket",
				"type": "action",
				"versionNumber": 1
			}
		}
	},
	"trigger": {
		"type": "EXTERNAL",
		"attributes": {
			"clientId": "",
			"description": "Triggers from main workflow",
			"url": ""
		}
	}
}