{
	"name": "Sub SM Workflow - (Access Requests Path 4)",
	"description": "Reassignment of Access Requests",
	"definition": {
		"start": "Get Access Requests",
		"steps": {
			"End Step — Success": {
				"type": "success"
			},
			"Get Access Requests": {
				"actionId": "sp:http",
				"attributes": {
					"authenticationType": "OAuth",
					"jsonRequestBody.$": "",
					"method": "get",
					"oAuthClientId": "",
					"oAuthClientSecret": "",
					"oAuthCredentialLocation": "oAuthInHeader",
					"oAuthTokenUrl": "<your_tenant_api_url>/oauth/token",
					"requestContentType": "json",
					"url": "<your_tenant_api_url>/v3/access-request-approvals/pending",
					"urlParams": {
						"owner-id": "{{$.trigger.input.sourceIdentity}}"
					}
				},
				"description": "Get all pending access requests",
				"nextStep": "Loop",
				"type": "action",
				"versionNumber": 2
			},
			"ServiceNow Ticket": {
				"actionId": "sp:http",
				"attributes": {
					"authenticationType": "basic",
					"basicAuthPassword": "",
					"basicAuthUserName": "",
					"jsonRequestBody": {
						"assigned_to": "",
						"caller_id": "",
						"description": "Entitlement Ownership Reassignment Set",
						"impact": "3",
						"priority": "3",
						"short_description": "Access Requests owned by {{$.trigger.input.sourceName}} have had their ownership changed to {{$.trigger.input.targetName}}.",
						"urgency": "3"
					},
					"method": "post",
					"requestContentType": "json",
					"url": "<your_SN_URL>/api/now/table/incident"
				},
				"description": "Creates ServiceNow ticket",
				"nextStep": "Send Email",
				"type": "action",
				"versionNumber": 2
			},
			"Loop": {
				"actionId": "sp:loop:iterator",
				"attributes": {
					"context.$": "$.trigger.input.targetIdentity",
					"input.$": "$.getAccessRequests.body[*].id",
					"start": "Ownership Reassignment",
					"steps": {
						"End Step — Success 1": {
							"description": "Ends loop",
							"type": "success"
						},
						"Ownership Reassignment": {
							"actionId": "sp:http",
							"attributes": {
								"authenticationType": "OAuth",
								"jsonRequestBody": {
									"comment": "Re-Assigned",
									"newOwnerId": "{{$.loop.context}}"
								},
								"method": "post",
								"oAuthClientId": "",
								"oAuthClientSecret": "",
								"oAuthCredentialLocation": "oAuthInHeader",
								"oAuthTokenUrl": "<your_tenant_api_url>/oauth/token",
								"requestContentType": "json",
								"url": "<your_tenant_api_url>/v3/access-request-approvals/{{$.loop.loopInput}}/forward",
								"urlParams": null
							},
							"description": "Reassign Approvals Items",
							"nextStep": "End Step — Success 1",
							"type": "action",
							"versionNumber": 2
						}
					}
				},
				"description": "Loop to reassign pending Access Requests",
				"nextStep": "Wait",
				"type": "action",
				"versionNumber": 1
			},
			"Send Email": {
				"actionId": "sp:send-email",
				"attributes": {
					"body": "Hi ${mgrName},\n\nPending Access Requests owned by ${sourceName} have been transitioned to ${targetName}.  If this is not intended, please reach out to your SailPoint Administrator.  Thank you!",
					"context": {
						"mgrName.$": "$.trigger.input.mgrFName",
						"sourceName.$": "$.trigger.input.sourceName",
						"targetName.$": "$.trigger.input.targetName"
					},
					"from": "",
					"recipientEmailList.$": "$.trigger.input.mgrEmail",
					"replyTo": "nate.jackson@sailpoint.com",
					"subject": "Access Request Ownership Reassignment"
				},
				"description": "Sends Manager Email",
				"nextStep": "End Step — Success",
				"type": "action",
				"versionNumber": 2
			},
			"Wait": {
				"actionId": "sp:sleep",
				"attributes": {
					"duration": "1m",
					"type": "waitFor"
				},
				"description": "Wait in place to allow for loop to complete before additional tasks run",
				"nextStep": "ServiceNow Ticket",
				"type": "action",
				"versionNumber": 1
			}
		}
	},
	"trigger": {
		"type": "EXTERNAL",
		"attributes": {
			"clientId": "",
			"description": "Triggered from main workflow",
			"url": ""
		}
	}
}